{
  "bear": {
    "clean": {
      "mean_j": 0.9671879339282553,
      "mean_f": 0.9854192844499174,
      "mean_jf": 0.9763036091890864,
      "j_scores": [
        0.967487892187829,
        0.9682526421320857,
        0.9651829912387896,
        0.9667391079374935,
        0.9682770361450785
      ],
      "f_scores": [
        0.9863836012176049,
        0.9784292691597788,
        0.9831194413767558,
        0.9897874760979012,
        0.9893766343975456
      ],
      "n_eval_frames": 5
    },
    "suppression": {
      "mean_j": 0.875550376355062,
      "mean_f": 0.8928770342628178,
      "mean_jf": 0.88421370530894,
      "j_scores": [
        0.5791256551195194,
        0.9531548958180022,
        0.9485549976038172,
        0.9476749022543881,
        0.9492414309795842
      ],
      "f_scores": [
        0.6557414692055934,
        0.9498323090038657,
        0.9467826578490178,
        0.9546387771231498,
        0.9573899581324624
      ],
      "n_eval_frames": 5,
      "jf_drop": 0.09208990388014648,
      "j_drop": 0.09163755757319325,
      "f_drop": 0.0925422501870996,
      "ssim_attacked": 0.9700691614832196,
      "opt_time": 43.825127601623535,
      "signatures": {
        "neg_score_rate": 0.0,
        "pos_score_rate": 1.0,
        "collapse_rate": 0.0,
        "n_eval": 5
      },
      "opt_metrics": {
        "best_loss": -488.3837585449219,
        "regime": "suppression",
        "n_steps": 5,
        "n_inserted": 2,
        "n_perturbed": 7,
        "decoy_offset": null
      }
    }
  }
}